{"sharpe": 2.2058758013138298, "sortino": 3.588474152015178, "profit_factor": 1.4400014159052814, "max_drawdown": -0.36546888694127955, "risk_return_ratio": 0.13895711412789807, "win_loss_ratio": 1.1733344870339328, "win_rate": 0.5510204081632653, "daily_return": [1.9, 1.1, 3.2, -0.7, 1.6, -1.6, -0.4, -1.2, -4.3, 2.4, -5.3, -0.3, -1.1, -4.3, 2.5, 0.2, 1.5, -1.5, 2.2, 0.2, -6.0, 3.5, 3.8, -0.5, -1.6, 0.6, -0.9, -0.2, 2.9, -0.1, -2.6, 2.8, -1.3, 1.3, -4.3, 0.4, -0.5, 0.4, 4.3, -2.7, -4.7, 2.9, -3.1, -5.1, -2.0, -7.6, -0.1, -8.0, -4.2, 16.0, -3.8, 5.8, 6.1, -0.7, -0.9, -1.5, 6.4, -0.9, 1.2, -1.2, 1.7, 3.3, -0.8, 0.5, 0.5, 0.1, 1.0, 1.2, 0.9, -2.3, 2.8, -1.3, -0.8, 0.9, 0.9, 2.8, -3.0, 3.6, 3.5, -0.3, 3.6, -1.7, 2.1, 5.4, 2.9, -1.7, 2.1, 3.2, 2.1, -0.7, -7.1, 6.2, 10.4, -2.6, 1.3, 7.1, 2.2, -1.9, 5.6, 5.7, -3.2, -2.6, -2.1, 5.3, 3.4, 0.4, -3.7, 7.8, 0.2, 0.1, 0.9, -2.0, 3.7, 0.9, -2.1, -1.7, 0.1, 4.4, 6.9, -0.4, -3.1, 8.0, 5.0, -0.8, -1.1, -4.3, 1.8, -7.7, 3.2, -1.4, 8.8, -6.2, 3.5, -4.2, -3.0, 3.2, 1.0, 1.0, -1.6, 4.5, 8.7, 0.2, 1.3, 0.5, 0.3, -2.1, -2.1, -1.1, 4.0, -0.7, 7.7, -1.7, 1.6, 4.5, 8.4, -3.1, 0.5, 4.7, -2.1, -3.6, 3.5, 3.1, -3.7, -0.3, -5.2, -4.1, -2.5, 0.4, 4.2, 0.7, -0.4, 1.9, -3.0, 0.3, 0.0, 0.4, 3.1, -4.6, -2.8, 2.2, -1.0, 3.1, 1.7, 5.0, 3.8, -0.4, 1.2, 1.9, 1.2, -4.8, 0.3, -2.6, 0.7, 3.1, 0.0, -2.5, 1.4, 5.3, 6.1, -3.0, 2.2, 0.5, 6.0, 5.0, -0.8, 2.6, -10.5, -9.7, 5.8, 6.6, 4.1, -4.8, -1.0, -2.0, 3.5, 1.2, -1.5, -3.2, 4.9, 1.3, -7.1, -0.3, -3.9, -0.7, 4.6, -2.1, 1.8, -0.4, 0.2, 2.4, -3.8, -3.0, 1.8, 2.1, -2.3, 0.0, -0.8, 3.9, -2.7, -6.9, 5.2, 5.3, 2.4, -0.7, 1.4, 4.5, -0.6, 3.2]}