{"sharpe": 3.395875404239122, "sortino": 5.388522268657194, "profit_factor": 1.801760851778261, "max_drawdown": -0.31692307692307686, "risk_return_ratio": 0.21392004292803934, "win_loss_ratio": 1.3513206388336958, "win_rate": 0.5714285714285714, "daily_return": [2.0, 0.3, 8.4, 7.9, 4.7, 1.5, -0.3, 6.0, 12.2, 9.9, 6.9, -15.2, -8.5, 0.9, -0.7, -1.7, -1.9, -2.1, -0.9, -6.1, 6.5]}