{"sharpe": 1.9037987676785584, "sortino": 3.554274339402204, "profit_factor": 1.4344378770347637, "max_drawdown": -0.5033557046979865, "risk_return_ratio": 0.11992804965687374, "win_loss_ratio": 1.3778153292570758, "win_rate": 0.5100671140939598, "daily_return": [4.6, 0.4, -5.9, 0.9, -5.4, -3.8, -1.2, 3.7, 5.1, 1.6, -1.1, -1.4, 0.7, 2.9, -0.7, -1.5, -0.7, 4.2, -3.2, -0.8, 2.4, 20.9, 33.3, 10.0, 5.0, 22.0, 5.5, 5.5, -10.8, -9.3, -8.5, -0.5, 18.9, 2.3, -7.3, 10.3, -4.4, -10.1, 5.6, 3.2, -0.8, 1.1, 7.0, 12.2, 9.3, 4.3, 10.0, 16.2, -21.3, -13.5, 24.9, 0.0, -1.5, 0.5, 5.1, 4.6, -1.5, 0.1, -2.6, -2.7, 2.7, -5.9, -7.0, 1.1, 9.0, -2.6, -3.6, -7.2, -2.4, -4.0, 3.1, 6.4, 0.7, 2.2, -3.3, -3.2, 5.5, -4.8, -0.2, 1.4, -2.9, -3.3, 1.2, 2.5, -3.1, 1.7, 3.5, -1.1, 1.1, 0.0, 6.0, 0.4, -3.6, -2.2, -7.4, 3.3, 0.3, 0.1, -1.3, -1.3, -4.2, -2.0, -6.6, 3.5, -2.9, -5.0, 9.3, -5.0, 1.6, -3.6, -6.9, -0.7, 0.8, 2.5, 2.5, 9.8, -0.3, -2.1, -0.7, -5.0, -5.1, 2.3, 2.5, 3.9, -0.5, -0.4, 2.3, -8.5, -1.2, -2.5, -2.2, -7.0, 6.5, 4.9, -2.8, 0.6, 2.8, -2.7, -0.8, -4.4, 6.8, 1.9, -3.3, 1.9, 2.3, 0.4, -1.7, 9.9, 6.2, 1.5, -2.0]}