{"sharpe": 1.3353269368000436, "sortino": 1.9869936515172144, "profit_factor": 1.273984623671825, "max_drawdown": -0.5035128805620608, "risk_return_ratio": 0.08411769032710902, "win_loss_ratio": 1.0866339437200863, "win_rate": 0.5396825396825397, "daily_return": [-0.6, 0.2, -2.4, 1.4, -7.6, 3.1, -5.0, 1.5, -1.3, 13.8, -0.3, 2.1, -0.5, -0.4, -3.0, 0.3, -2.0, 2.3, 4.6, 2.7, -3.1, 0.4, -0.2, 1.0, -0.8, 0.9, 5.6, 0.8, 1.1, -9.7, -2.7, -1.2, -4.5, -0.8, -4.6, -4.0, 11.7, -4.2, -1.7, -9.0, 1.5, -13.8, -17.8, 11.4, -13.9, 6.2, 4.0, 20.4, 1.7, -1.2, 4.1, 7.2, 3.5, -3.1, 6.9, 2.4, -1.0, 2.3, -8.6, 9.3, -11.2, 0.3, 3.0, 4.3, 4.8, 1.0, -0.6, -1.0, 5.6, 0.3, 2.2, -5.9, 2.1, 10.0, -0.1, 1.7, -1.6, -4.7, 6.3, 1.8, 2.5, 6.5, -0.1, 5.8, -0.2, -6.5, -4.2, 11.7, 3.3, 2.0, 0.6, -0.7, 4.2, -5.6, -0.8, -0.4, -0.6, 1.0, -0.6, 2.2, -1.2, -1.2, 1.8, 5.3, 5.4, -4.2, 1.9, 4.1, -1.9, 1.3, 0.8, 0.4, 2.8, 2.1, -2.4, 3.0, -1.9, -0.5, 5.0, -1.2, -0.6, -1.1, -0.9, 4.9, -0.6, -5.4, -3.8, -2.1, 0.8, -8.6, 0.1, 1.3, -4.2, -1.5, -2.9, -2.0, 4.2, -1.1, 2.5, -1.0, -1.8, 5.7, 2.1, -1.0, 0.7, -4.7, -1.6, -2.2, 4.3, 3.0, -0.5, 4.4, 1.1, 4.0, 0.5, -0.3, -3.8, 0.5, -1.9, -0.3, -0.2, 2.0, 0.3, 0.2, -12.1, -2.6, 1.3, 5.7, 2.3, 2.7, 5.8, 7.9, -0.5, -1.9, 3.3, 1.7, 2.0, 0.3, -5.0, 5.4, 0.2, -0.7, 1.2, 1.6, -2.3, 1.6, -0.5, 3.3, 0.7, 2.6, 1.4, 0.5, -2.4, -0.9, 0.5, -3.8, -3.0, -2.7, -0.0, 5.5, 0.9, 2.5, -0.4, 1.7, -11.1, -0.5, 5.2, 3.7, 1.9, 0.7, -6.3, -2.1, 10.3, -6.2, 0.8, -4.9, -1.9, 5.8, -6.1, 2.0, -1.2, -1.8, 1.8, 2.6, 2.6, 1.4, -2.5, 0.4, -0.2, 11.6, -1.4, -1.5, 6.6, 1.5, 2.0, -2.0, 1.2, 1.5, 3.6, 4.6, 4.9, 0.1, -4.5, -2.4, -2.7, 0.1, -0.5, -5.6, -0.1, 0.3, 5.7, 2.0]}