{"sharpe": 1.2163761217277982, "sortino": 1.8861599412957677, "profit_factor": 1.2205644642511673, "max_drawdown": -0.21486223211800715, "risk_return_ratio": 0.07662449330497581, "win_loss_ratio": 1.24090720532202, "win_rate": 0.49586776859504134, "daily_return": [-5.1, -5.8, -4.3, 3.8, 2.4, -3.2, 0.5, 1.9, -0.7, 2.3, 18.7, 0.9, -8.2, -3.0, -10.1, 1.0, -3.0, 6.3, 1.8, 1.9, -4.0, -1.6, -1.8, 6.6, 2.9, 4.2, 9.0, -12.3, 1.1, 6.3, -3.4, -0.8, 2.0, -4.4, -1.3, -3.1, -0.7, -0.8, -1.4, 3.2, 1.9, 0.2, 7.6, 8.7, 0.5, -3.2, -2.4, -0.9, -2.1, 5.4, 6.0, 2.7, 0.8, 1.5, 4.4, 4.2, 1.7, -2.2, -0.7, -0.4, -3.1, -0.8, -3.7, -3.0, -0.2, 4.8, -1.8, 1.8, -3.8, -2.4, 1.3, 4.4, -2.8, -4.4, -3.0, 2.2, 4.6, 5.9, 4.7, 5.1, -0.8, -5.2, 10.0, 4.6, -5.1, -4.5, 8.1, -12.2, 2.6, -0.5, -1.0, -5.5, 5.1, 1.1, -3.5, -1.2, -2.2, 5.2, 5.0, 4.6, -1.9, 2.7, -0.5, -7.5, 0.9, 4.2, 1.8, 6.3, 9.9, 2.4, -2.4, -0.1, -4.5, -9.4, 2.8, -2.8, -6.6, 6.1, -1.0, 1.4, -0.2]}