{"sharpe": 2.0025206620679934, "sortino": 3.2531007875518263, "profit_factor": 1.4086865110294227, "max_drawdown": -0.45589660743134064, "risk_return_ratio": 0.12614694445476965, "win_loss_ratio": 1.1824740786013401, "win_rate": 0.5436507936507936, "daily_return": [-3.2, -1.5, 1.2, -0.2, 0.1, -2.2, -0.4, 0.5, -3.2, -3.2, -2.1, 3.3, -2.1, -3.3, -0.9, 1.5, 1.5, 2.5, -0.9, -3.7, 8.2, 0.7, 1.3, 0.6, -4.0, -0.2, 4.3, -2.3, -6.6, -2.0, -4.0, 2.0, -2.8, 8.1, -0.2, -4.1, 4.1, 0.3, -4.8, -12.9, 0.8, -3.1, -11.9, -1.3, -10.5, 9.9, 4.0, 2.9, -1.5, 1.5, 7.9, -2.1, 5.3, -4.9, 5.9, -4.2, -9.2, 2.6, -0.3, 7.1, -2.1, 7.5, 3.1, 0.6, 5.2, -0.5, 2.9, 3.9, 4.0, -4.8, 2.9, 0.2, 2.9, 1.8, -4.5, -1.0, -5.4, -1.5, 3.2, 4.0, 0.6, 2.2, 0.7, 13.8, -2.8, -3.7, -2.6, 9.3, 4.7, -0.7, 5.1, 1.5, 3.2, -5.1, -3.6, -2.5, 3.6, 3.1, 2.7, -5.0, -2.0, -2.2, -2.8, 4.5, -0.4, -5.3, 0.3, 4.3, 6.1, 0.1, 1.5, 2.6, 4.3, 4.7, -3.0, 4.0, -2.6, 1.4, -2.1, 6.8, 1.5, 5.5, 8.7, 3.0, -0.2, -4.8, -3.6, 5.4, 2.7, -2.1, 1.1, 3.2, -1.8, -0.6, -2.3, -0.5, 2.0, -6.2, -1.0, 1.0, -1.0, 8.2, 2.2, -0.1, -1.7, -3.4, 1.1, -1.5, 2.1, 0.5, -2.4, 2.4, 3.6, 6.0, -8.8, -1.4, -4.3, 2.7, -0.0, 0.6, 1.4, 3.0, -0.0, 0.5, -8.8, -4.3, -0.7, 4.7, -4.0, -2.2, 5.9, 0.3, 0.8, -0.6, 0.9, -0.9, 4.3, -4.6, -1.6, 0.9, -0.5, 1.6, -1.6, -0.4, -4.4, 8.9, 1.1, 11.4, -2.3, 3.0, 1.2, 3.7, -1.6, -1.5, 10.0, -1.9, -0.9, -13.6, -2.2, 2.8, 1.6, 4.2, -3.5, 1.7, -4.7, -6.2, 0.8, 10.0, 8.2, -0.7, -2.9, -1.0, 2.0, 1.1, 2.2, 2.7, 1.7, -1.7, 2.3, 0.4, 0.3, -0.0, 0.0, 10.5, 4.4, 2.1, 1.5, 6.8, 5.0, 1.5, -2.2, 0.1, 5.2, -3.8, 1.1, -0.1, -2.2, 1.7, -0.3, 12.3, 1.9, 1.9, -2.7, 0.3, -6.6, 2.4, -5.2, 3.2, 1.7, 2.0, 18.7, -0.3]}