{"sharpe": 1.6265321962992123, "sortino": 2.5825663284543916, "profit_factor": 1.3379439980182442, "max_drawdown": -0.32475131655939127, "risk_return_ratio": 0.10246189740112878, "win_loss_ratio": 1.1035596480004497, "win_rate": 0.548, "daily_return": [0.9, -1.2, -7.6, 4.1, 6.9, -5.2, -4.7, 4.0, -3.7, -3.3, 0.4, -0.1, -0.5, 0.7, 2.7, -1.9, 1.8, 0.4, 0.4, -0.2, -3.4, 1.0, 4.0, 0.8, 0.2, 0.2, 0.1, 4.6, -2.8, -7.4, -9.4, -1.3, 11.6, 0.1, 2.9, -3.8, 4.3, 5.1, -1.0, -8.6, -0.2, -1.3, -11.5, -6.2, -4.1, 18.9, -15.5, 5.7, 14.6, -8.2, 6.2, -3.4, 6.2, 0.6, 2.1, 3.3, -3.5, -3.6, -1.4, 10.4, 1.3, -5.4, -3.0, 1.7, 4.7, -0.7, 0.9, -1.2, 2.9, -4.0, -4.8, 4.0, 1.7, -2.2, 0.8, 5.1, 1.4, -8.4, -3.7, 3.9, 1.6, 9.0, 0.4, 3.2, 13.5, -6.8, 2.9, 5.8, -4.8, 1.7, 3.3, -0.3, 1.7, -2.5, 3.4, -0.2, 0.7, 0.4, -0.4, -5.5, 3.2, 0.5, -0.2, 2.0, 0.5, -4.1, 0.1, 4.7, 0.4, -0.2, 10.5, -1.3, -1.2, 2.7, -8.4, -6.0, -5.2, 3.2, 4.1, 3.8, -1.7, 3.2, 2.9, 2.7, 4.4, -4.8, -0.6, 3.5, 5.0, -4.6, -0.1, -0.9, -4.2, -1.9, 0.1, -2.7, 2.2, -0.6, -2.3, 1.4, -1.5, 4.1, 2.6, 2.0, -1.3, 0.4, -0.6, 0.7, 0.1, -2.0, 0.7, 5.7, -0.2, 5.0, -0.6, 0.6, -0.4, 0.6, -0.1, 0.0, -0.5, 0.4, 0.8, -0.6, 1.0, 3.8, 1.3, 2.9, -2.2, -0.8, 2.0, -2.2, -0.9, 1.1, 5.1, 1.9, -1.2, -2.2, -1.1, -0.3, 0.8, 1.1, 1.8, 0.3, -0.3, 3.4, 0.1, 1.4, -0.1, 1.8, -0.0, 0.0, -3.8, -3.8, -1.6, -0.5, -1.1, -1.0, 5.4, 1.0, -1.7, 0.5, -3.7, -4.5, -1.4, 0.7, 2.6, 5.1, 3.7, -1.2, -7.6, 4.7, 4.1, -0.6, -2.8, -0.2, -4.2, -4.0, 0.1, 4.0, -1.9, -4.7, -2.9, 2.0, 6.9, 4.7, 1.0, 1.5, 1.8, 4.2, 2.5, 4.5, 1.9, 1.0, 3.6, -1.4, 10.8, -6.0, -2.0, 15.3, 1.0, -0.6, -1.2, 2.4, -8.5, 3.0, -2.4, 2.6, -0.1, 4.1, 6.3, 4.5]}