{"sharpe": 1.4025813791027213, "sortino": 2.5631724072550406, "profit_factor": 1.2966782020917664, "max_drawdown": -0.5856353591160223, "risk_return_ratio": 0.0883543219675192, "win_loss_ratio": 1.463224026213645, "win_rate": 0.4698275862068966, "daily_return": [1.7, -6.6, 0.6, 2.4, -1.7, -1.2, 0.0, 0.6, 0.0, 0.0, -8.2, 1.3, 3.2, -2.5, -0.6, -7.6, -1.4, 4.9, -0.7, 2.7, -3.2, -4.7, 2.1, 4.1, 0.0, -0.7, 2.0, 1.3, 0.0, -9.0, -1.4, 0.7, -1.4, -3.6, 1.5, 1.5, -5.1, -6.9, -0.8, -16.7, 1.0, -2.0, -4.0, 8.4, -14.6, -5.7, -9.6, 17.3, 3.4, 0.0, -5.5, 17.4, 8.9, -3.6, 1.9, 9.3, -11.9, -10.6, -1.1, 7.6, 6.1, 5.7, -0.9, -4.5, -7.6, 8.2, 4.8, -4.5, 4.8, 1.8, -3.6, 2.8, -5.4, 12.4, -2.5, -1.7, -0.9, 0.0, -5.4, 1.9, 3.7, -0.9, 9.0, -5.8, 0.0, -4.4, -6.4, 0.0, 7.8, 0.0, 0.0, 0.0, 3.6, -5.3, 0.0, -2.8, -1.9, 3.9, -1.9, 21.0, -4.7, 0.0, -3.3, -0.9, -1.7, -9.6, -1.0, 2.0, 5.8, -5.5, -3.8, 0.0, 4.0, 24.0, -12.4, -6.2, -2.8, -3.9, 1.0, 0.0, 0.0, -1.0, 8.1, -3.7, -1.0, -2.0, 1.0, -4.0, 7.2, 1.9, 0.0, 10.4, -1.7, -2.6, 0.9, -3.5, -1.8, -0.9, -0.9, 1.0, -1.9, 6.7, 3.6, 2.6, 0.0, 3.4, -7.4, 3.5, 2.6, 10.8, 5.3, 2.9, -2.1, -2.1, -1.4, -0.7, 3.7, 18.6, 1.2, 4.8, 5.7, 11.3, 32.4, 2.9, -20.6, 12.1, -8.4, 3.5, -6.3, -4.5, 24.9, 0.4, -6.4, 4.8, 17.9, 9.1, 3.0, -16.1, 6.2, 25.9, 2.1, 2.8, -2.9, 2.3, -8.6, 12.4, -4.8, 4.3, -3.4, -2.3, -5.1, 11.4, -7.8, 5.3, -4.5, -6.3, -3.6, -4.6, -2.7, -0.6, -7.9, 5.1, -7.1, 3.8, -8.4, 6.2, -4.2, -1.8, -4.4, 4.2, -8.1, -0.4, 4.0, -1.6, 0.0, -5.1, 24.5, -8.0, 1.4, 1.1, 12.0, -7.6, -1.0, 2.1, 17.2, 0.3, -3.2, 9.8, 4.9, -0.5, 7.8, -5.5, 9.7, -4.9, -3.4, 1.0, -8.3, 1.4, 3.0, 3.7, -1.0, 28.5, -12.7, 27.7, -12.6, -0.4, -4.1, 8.5, -3.3, -3.9, 8.6, -5.6]}