{"sharpe": 1.7148873258339548, "sortino": 2.655152130629564, "profit_factor": 1.319149931851518, "max_drawdown": -0.22099528857479434, "risk_return_ratio": 0.1080277473965056, "win_loss_ratio": 1.5390082538267713, "win_rate": 0.46153846153846156, "daily_return": [3.1, 11.4, 9.8, 9.9, -1.6, -16.3, 7.9, -5.7, -3.9, 5.8, -3.5, -1.9, -3.5]}