{"sharpe": 0.948251190366984, "sortino": 1.368723069975124, "profit_factor": 1.2003348265576197, "max_drawdown": -0.5545505935556814, "risk_return_ratio": 0.05973421024123825, "win_loss_ratio": 1.1172347231805537, "win_rate": 0.5179282868525896, "daily_return": [-1.4, -0.3, 0.8, -0.5, 1.8, 1.3, -2.0, -1.0, 1.1, -1.7, -2.4, 0.6, -0.6, -0.1, -1.7, 0.1, 1.7, 1.6, -1.5, -1.5, -0.1, 2.5, 1.3, -1.3, -1.6, -0.8, 2.3, 0.9, -1.8, -3.6, -5.1, -0.6, -2.8, 0.7, 3.2, -0.9, 2.3, -3.4, -2.2, -10.8, 3.8, -2.2, -12.3, 6.3, -14.7, -1.8, -19.9, 7.0, -4.9, -6.3, 20.3, 4.9, 5.0, -0.3, -0.5, 0.2, -5.9, -1.4, -1.0, 10.6, 3.0, 4.8, 4.9, -1.0, -0.4, -3.9, -1.5, 5.8, -1.9, -2.6, 0.9, -1.4, 2.1, 2.2, 3.9, 7.9, -3.3, -5.1, -1.4, -0.7, 0.5, 4.9, 3.8, -2.0, -3.5, -3.9, 2.1, -0.3, 8.3, -3.8, 3.7, 0.1, 0.5, 3.3, 5.0, -1.6, 0.1, 3.8, 4.7, -1.1, -0.5, 3.8, 1.9, -1.9, -1.5, -6.8, 2.7, 0.3, 0.8, -0.5, -1.3, 0.4, -0.3, 0.1, -1.9, 1.5, -2.1, 2.3, 1.6, -1.6, 2.1, 1.8, -1.0, -0.3, -1.1, 3.0, -0.2, 1.8, 1.7, 0.1, 0.5, -0.2, 0.6, 0.9, -0.0, -1.1, 1.9, -2.0, 0.7, -0.9, -3.0, 1.3, 1.5, 2.7, 0.8, 0.1, 3.0, 3.4, 2.1, -2.1, 0.5, 0.3, -0.5, -0.7, -1.1, -0.8, 1.1, -1.1, 0.3, -1.0, 0.8, -4.1, 3.9, 1.8, -3.9, -1.4, -2.1, 1.7, -2.6, 1.8, 1.2, 0.4, -2.6, -0.8, -2.4, -5.5, -0.2, 1.6, 0.7, 0.1, 3.2, -0.5, 0.0, 1.9, 2.2, 3.0, -0.3, 5.7, 2.0, 0.5, -0.1, -1.4, -0.3, 1.4, 1.4, 0.4, 1.4, 2.0, 0.7, -1.9, -2.6, -1.5, -5.5, 3.4, -0.5, 0.4, 3.2, -2.2, 6.9, 3.7, 5.1, -0.9, 0.4, -3.1, 2.4, 2.2, -0.0, 0.5, -0.0, -1.6, 2.3, 3.6, -2.7, 0.1, -0.5, 1.1, -1.7, 1.6, 2.4, 1.6, -2.4, 0.1, -1.0, -1.6, 1.3, 3.0, 0.6, 0.6, -1.6, -0.1, 4.1, 9.0, -2.4, 4.1, -2.2, 0.1, -1.6, -1.5, 4.5, 3.5, -1.0, 1.7]}