{"sharpe": 1.1328744410195808, "sortino": 1.7019053006518527, "profit_factor": 1.218944181712059, "max_drawdown": -0.22935685182319876, "risk_return_ratio": 0.07136438184759812, "win_loss_ratio": 1.14393223206824, "win_rate": 0.5158730158730159, "daily_return": [-2.0, 3.0, -0.1, 0.1, -0.1, 0.3, -0.5, -3.6, 7.2, 1.0, -2.9, 1.6, -1.5, 1.3, -0.8, 3.7, 3.1, 0.2, -0.7, -0.0, 1.2, 0.7, 1.7, 0.4, -0.3, 1.9, -0.4, -0.0, -1.5, -3.0, -2.3, 5.3, -2.0, -0.7, 3.3, -3.2, 4.1, -2.9, -1.0, -6.1, 5.1, -3.9, -9.9, 6.7, -11.1, 7.0, -1.3, 5.2, 0.2, 8.2, -0.8, -4.2, 6.0, -1.6, 3.9, 1.2, -3.0, 1.6, -2.2, 5.0, -2.0, -0.3, -0.1, 7.0, 4.2, 3.2, 2.9, -3.7, 3.4, -0.8, -2.9, 1.3, -0.4, -0.8, -4.2, 2.0, 1.9, -1.1, 3.1, -0.8, 2.3, 0.5, -0.2, 1.1, -2.0, 1.5, 0.8, 2.8, -0.4, -0.3, -0.7, -2.6, -1.6, -3.4, 1.2, -1.5, 1.5, 1.5, 0.3, -1.2, -1.8, 1.3, -0.0, 3.5, 0.1, -2.1, -1.8, 1.8, 2.5, 2.7, 0.5, 0.9, 3.2, -0.4, -1.8, 1.8, -4.8, 0.9, 1.7, 6.7, -1.8, 3.5, -0.1, 2.0, 1.0, 8.1, -4.2, -0.1, -0.3, 0.8, -6.5, 1.9, -2.5, -0.1, -2.5, 0.6, 3.2, -1.4, -0.8, 0.3, 0.6, 2.0, 2.2, -1.5, 1.4, -2.8, -2.3, -3.4, 1.8, 1.2, 0.3, -0.1, 2.0, -1.5, 2.8, -1.1, -0.7, 0.4, 11.6, -3.9, -0.5, 1.1, 5.1, -0.7, -4.9, -1.8, -1.7, -1.3, -3.9, 0.3, -1.2, 4.1, -2.4, -2.8, -0.1, 3.7, 0.8, -4.2, 0.5, 2.1, 1.6, 0.6, 1.3, 5.5, -4.6, 3.5, -2.8, 5.7, -0.5, 1.4, 0.1, 2.6, -2.3, 0.1, -2.1, -0.0, -1.0, -6.9, -0.8, 0.6, -0.0, 0.1, -0.6, 3.7, -5.6, 1.8, 0.6, 2.0, 3.4, 0.2, -8.6, 2.1, 2.2, -0.8, -0.8, -0.8, 0.3, 0.2, 0.6, 0.7, -2.4, 1.3, 0.4, 1.3, -0.1, 2.8, -0.2, -1.2, 0.2, 3.5, -0.6, -3.7, 1.5, 0.4, 3.8, -0.5, 1.0, 1.5, 0.3, -1.0, -0.3, -2.4, -0.1, 1.0, 2.3, -1.2, 3.1, -3.3, -0.4, -3.9, 1.7, 0.3]}