{"sharpe": 2.2395703617256078, "sortino": 3.7164716819007717, "profit_factor": 1.460466604948129, "max_drawdown": -0.3940949935815147, "risk_return_ratio": 0.14107967192278395, "win_loss_ratio": 1.121062393939057, "win_rate": 0.5657370517928287, "daily_return": [-1.8, -7.8, 4.7, 2.1, 2.2, -3.5, -1.8, 1.8, -3.6, -2.2, -2.5, 0.0, -2.8, -3.8, -5.3, 3.0, 12.0, 6.3, -3.2, -3.7, 9.4, 1.0, 3.5, -0.4, -10.6, -3.0, 4.2, 0.5, -4.9, -6.0, -3.7, 1.5, -5.6, 15.0, 0.4, 0.6, 10.1, 3.1, -5.1, -13.8, 10.1, -7.3, -13.8, 4.2, -17.6, 22.7, -4.1, 12.3, -3.3, -0.7, 2.8, 3.7, 4.2, -10.4, 6.4, -3.5, -8.9, 6.8, 0.8, 6.0, -6.4, 4.8, 4.7, -3.2, 4.5, -2.6, 3.9, 3.1, 3.9, -7.5, 6.3, 0.9, 2.7, 2.7, -7.8, 3.8, -6.0, -6.3, 10.1, -0.5, 0.2, -1.4, -0.1, 14.3, 1.9, -0.9, 3.8, 8.0, 5.9, 4.0, 1.9, 3.9, 2.0, -9.0, -6.5, -1.8, -0.1, 19.5, -3.2, 10.2, -7.6, -1.4, -1.7, 1.2, 1.9, -7.6, 1.5, 4.8, 4.1, -1.4, -0.4, 2.2, 8.0, -2.1, -3.5, -0.5, -4.6, -0.4, 2.9, 4.7, 1.4, 0.9, 6.8, 3.7, -1.4, -3.1, -9.9, 3.9, 1.5, -5.2, 0.7, 2.9, -5.7, -3.4, -3.0, -2.5, 4.6, -4.9, -3.7, 2.0, -4.8, 8.1, 1.8, 0.3, 1.7, -0.8, 3.0, -4.2, 4.3, 0.4, -3.0, 4.8, 1.7, 0.0, -2.8, -1.6, -0.4, 3.1, -0.3, -1.3, 4.3, 1.1, -1.7, 0.2, -13.4, -1.6, -3.6, 7.7, 0.6, 1.7, 8.6, 6.5, 3.1, -2.3, 4.7, -5.4, 1.5, -6.6, -1.2, 2.2, -0.3, 1.8, -8.0, 1.1, -6.3, 10.3, 1.2, 13.2, -3.5, 14.7, -9.1, 2.9, 0.4, -1.9, 7.7, -1.3, -5.5, -3.5, 5.6, 0.3, -1.5, 3.8, -4.1, 2.3, -4.0, 1.6, 3.9, 7.5, 4.8, -1.5, 2.4, 2.7, 0.4, 0.3, 11.8, 3.4, 1.4, -1.8, -5.8, 0.2, 6.0, 1.5, 3.0, 9.8, -0.3, -3.0, 7.8, 4.5, 1.2, 7.3, 1.4, 3.1, 14.7, -4.7, -2.2, 2.9, -0.5, 2.2, 1.6, 13.2, 1.3, -0.3, -1.9, -2.0, -10.3, 3.6, -3.9, 2.8, 9.1, 9.4, 16.1, 1.1]}