{"sharpe": 0.906345031593509, "sortino": 1.507157609889217, "profit_factor": 1.1797695592178743, "max_drawdown": -0.6477528089887639, "risk_return_ratio": 0.057094370371795336, "win_loss_ratio": 1.3341319314519886, "win_rate": 0.4692982456140351, "daily_return": [-2.2, 0.0, 0.0, 4.4, -2.1, 0.0, -13.0, -10.0, -2.8, 5.7, -5.4, 2.9, 2.8, -2.7, -11.1, -9.4, 0.0, 10.3, 3.1, -3.0, 6.2, 2.9, -5.7, 0.0, 0.0, -3.0, 3.1, 6.1, 0.0, -5.7, -6.1, -9.7, 10.7, 3.2, 12.5, -5.6, 0.0, -2.9, -6.1, -12.9, 3.7, -7.1, -11.5, 4.3, -8.3, 0.0, -4.5, 19.0, 0.0, -12.0, 13.6, 8.0, 7.4, 0.0, 0.0, 41.4, -29.3, -10.3, 0.0, 15.4, -3.3, 13.8, -3.0, 0.0, 0.0, -3.1, 3.2, 3.1, 3.0, 0.0, 0.0, 0.0, 8.8, 16.2, -2.3, -2.4, 2.4, -4.8, 7.5, 0.0, 9.3, 10.6, 7.7, 7.1, 23.3, 20.3, -33.7, -3.4, -3.5, 16.4, -6.2, 20.0, 2.8, -5.4, -12.9, 9.8, -6.0, 9.5, 1.4, 1.4, -5.6, 0.0, -6.0, 3.2, -7.7, -13.3, 9.6, -1.8, 7.1, -1.7, -8.5, 3.7, -3.6, -3.7, 0.0, -3.8, -4.0, 8.3, 5.8, 1.8, 10.7, 6.5, -3.0, 0.0, -3.1, -3.2, -3.3, 1.7, 8.5, -1.6, 7.9, 5.9, 9.7, -5.1, -5.3, -5.6, 17.9, -10.1, -2.8, -2.9, -1.5, 7.6, 1.4, 6.9, -9.1, 1.4, -4.2, 10.3, -8.0, 2.9, 0.0, -14.1, -8.2, -17.1, -7.7, -10.0, -4.7, 17.3, 4.5, -8.2, 5.4, 4.6, 0.3, -10.6, -5.7, -11.5, -2.3, 6.6, 0.1, -5.6, 10.1, 3.4, 1.4, -8.3, 1.3, -3.9, -0.4, -9.0, 1.6, 0.3, 7.2, 6.9, 8.1, -8.2, -1.0, 3.5, 0.9, 10.5, 5.2, 3.7, 11.7, -4.2, -1.1, -5.4, 6.6, -7.0, -7.3, 29.9, -3.9, -0.3, -5.9, -3.9, 1.0, -0.5, -8.8, 2.7, 0.7, 7.1, 9.1, -8.8, -1.9, -1.7, 2.9, -2.3, 0.4, -1.6, -0.9, -0.2, -0.4, 0.8, -3.0, -3.1, 1.7, 5.0, -5.0, 0.0, -2.9, -2.0, -0.9, 0.1, -0.5, -3.5, -1.4, 0.7, -3.4, -2.6, 0.4, 9.4, 29.3, 31.3, 26.3, -8.6, 2.4, -12.3, -5.1, -0.2, -7.2, -1.3, -6.0, 16.8, -6.6, 2.7]}