{"sharpe": 2.5246255126782597, "sortino": 4.539369044330548, "profit_factor": 1.547891540155724, "max_drawdown": -0.2673917504617278, "risk_return_ratio": 0.15903645857418142, "win_loss_ratio": 1.2272568639806098, "win_rate": 0.5577689243027888, "daily_return": [-3.1, 2.4, -3.4, 1.7, 2.2, -0.2, -0.2, -1.4, -1.1, -2.7, -2.0, 1.0, -0.6, -2.2, -2.0, 1.6, 2.0, -2.2, 1.8, -5.8, 0.6, 4.3, 2.2, 1.7, -0.8, -1.8, 1.9, -2.2, -4.8, -4.1, -1.0, 5.3, 1.9, 1.7, 4.8, -4.6, 1.4, -0.5, 1.8, -0.7, 3.2, -7.0, -6.4, 2.9, -4.7, 3.7, -4.9, 6.4, -0.7, 1.6, 5.7, 3.4, -0.7, -4.6, 0.9, 1.1, -0.4, 1.1, 1.7, 4.3, 5.6, -2.3, 3.3, 0.9, 3.9, 2.0, 2.8, -1.5, 12.7, 1.7, 2.4, -5.7, 0.8, 3.3, -6.1, 1.7, -2.9, -4.2, 2.1, 5.1, 1.0, 1.7, 9.1, 0.6, 5.3, 3.5, 1.7, 0.8, 8.4, -5.1, -3.5, -1.5, 14.5, -5.5, -7.0, 0.1, 10.8, -1.7, 2.3, 1.3, -2.8, 5.2, -2.0, 1.6, 4.9, -1.8, 2.2, 6.2, 0.4, 6.2, -0.5, 6.3, -6.6, 2.3, 1.0, 1.8, -1.0, 2.7, -1.9, -0.5, 8.8, -6.5, 4.6, 1.4, -2.2, -3.3, 1.1, -1.1, -2.3, -2.1, -1.3, 2.9, -2.7, -2.2, -2.1, -0.1, 5.7, 0.4, 0.3, 1.1, 8.1, 4.6, -2.1, 3.7, -6.0, -3.7, -0.8, -0.3, 3.3, -1.4, -4.3, 4.9, 2.7, 4.7, 1.2, -13.5, -1.0, 4.9, 2.3, -0.5, 0.4, -0.3, 2.7, -1.2, -5.0, -0.8, -3.9, 3.6, -0.9, 1.0, 0.6, -3.1, 0.0, -2.0, -1.5, 0.2, 0.1, -4.2, -1.8, -1.3, 1.0, -1.9, 0.6, 0.4, -4.1, 0.9, 1.3, 2.5, -1.9, 8.4, 6.5, -0.1, -2.4, 0.2, 1.5, 0.2, 5.8, 1.3, -2.7, -1.0, 0.0, 3.9, -0.4, 4.6, -4.4, 1.8, 6.7, 12.8, 2.5, 1.3, -7.3, -2.9, 8.1, 20.4, 12.7, -6.1, -6.8, 0.0, 4.0, 4.3, -1.7, 2.0, -5.6, 6.0, -3.6, -1.6, 5.5, 0.8, 0.8, 0.3, 7.3, -6.3, 4.6, -4.3, -3.7, -0.1, 2.4, 3.1, -0.4, -1.7, -5.3, 0.9, 8.9, -5.9, 15.6, 7.8, -0.8, -6.1, 12.2, -5.6, 1.9, 0.4]}