{"sharpe": 3.7607676261028273, "sortino": 8.552292317996352, "profit_factor": 1.971106846663006, "max_drawdown": -0.2251290877796901, "risk_return_ratio": 0.23690609231835294, "win_loss_ratio": 2.217495202495882, "win_rate": 0.47058823529411764, "daily_return": [-0.4, -2.7, -1.8, 9.6, 1.0, 0.0, -0.5, -0.6, -4.2, -1.4, 6.1, -2.0, -1.4, -3.1, -0.8, 5.2, -2.0, 4.8, 10.1, -0.9, -0.9, -5.8, 4.0, -0.4, 2.1, 10.8, 16.4, 6.1, -4.6, 14.0, -8.6, 8.4, 0.8, 12.1, 0.3, 6.0, -4.4, 15.9, 13.2, 22.0, -4.8, -2.0, -5.3, -12.3, 6.8, -0.7, 21.3, -1.2, -6.9, 1.5, 0.6, 0.1, -3.0, -1.9, 5.1, -4.6, 9.8, -1.6, 2.3, -3.3, -7.6, -3.8, 1.8, -6.2, -0.8, 5.3, -4.3, 6.2, 0.8]}