{"sharpe": 0.45035850107348124, "sortino": 0.6141108761600508, "profit_factor": 1.0853969122650373, "max_drawdown": -0.5363507779349366, "risk_return_ratio": 0.028369918920577303, "win_loss_ratio": 0.924597369707254, "win_rate": 0.54, "daily_return": [1.1, 2.1, 0.4, -0.3, 1.7, 0.7, -2.2, -1.4, 0.2, -1.5, -0.6, -0.0, -3.9, -1.4, -2.1, 0.5, 0.4, 2.5, -2.4, -2.7, -1.2, 1.5, 1.0, -0.9, -0.7, 0.6, -0.4, -0.7, 1.9, -3.5, -4.8, 3.1, -0.9, -1.7, 1.7, -2.6, 2.8, -1.9, -1.0, -8.3, 3.2, -6.3, -13.4, 11.2, -14.1, 4.6, -23.9, 18.2, 4.5, 3.9, -6.5, 3.0, 9.4, -1.8, 5.3, -8.5, -6.5, 3.5, -3.9, 6.9, -2.3, 4.3, 2.4, -2.9, -0.1, -5.8, 1.2, 5.3, -1.8, -3.1, 2.0, 2.3, -2.2, 4.9, 4.5, 2.8, -4.4, -6.1, -0.3, -2.6, -0.6, 0.7, 7.6, -4.3, -4.2, -6.0, -0.2, 3.0, 9.4, -3.2, 4.8, -4.0, 2.4, 4.9, 3.2, -4.8, -1.3, -1.5, 1.5, 3.5, 2.7, 4.8, 0.0, -3.1, -4.6, -11.7, 3.9, 3.8, 2.4, -2.8, -0.2, 0.5, 0.7, 0.0, -4.0, 3.0, -3.9, 4.5, 2.4, -5.6, 2.4, 0.5, -2.3, 0.3, -1.7, 3.5, 0.5, 2.4, 6.8, -2.6, -0.2, -1.7, 4.6, 0.7, 0.7, -4.9, 3.3, -3.3, 1.6, -1.2, -2.0, 2.4, 0.3, 2.8, 0.6, 3.2, 2.2, -0.2, -0.1, 0.5, 0.6, 0.4, -0.6, 0.9, 0.0, -0.9, 0.9, 0.5, -1.3, 4.6, -2.1, -0.3, 3.9, 0.3, -2.4, -0.6, -1.8, -2.2, 0.4, 0.7, 0.2, -0.6, 1.2, -1.2, -3.2, -5.3, -1.8, -2.7, 2.0, -0.8, 1.8, 0.2, -2.0, -1.2, 1.9, 0.3, 1.3, 0.9, 1.7, 0.4, 3.7, 3.8, 4.5, 1.7, -6.3, -1.8, -0.3, -0.4, 0.9, 0.1, -3.1, -1.6, -5.5, 1.6, -0.0, 2.7, 1.6, -1.7, 3.3, -1.8, 3.8, 3.8, -1.9, -4.2, 1.3, 5.3, -1.1, -1.6, -2.0, 0.1, 0.8, 2.0, 7.5, 0.9, -4.1, 3.8, -1.2, 5.3, 4.4, 0.4, 5.7, 5.9, 2.7, 0.6, 1.2, 1.3, -2.2, 2.0, -0.5, -2.2, 0.0, 2.2, -1.6, 2.0, -3.2, 0.0, 1.3, -2.6, 1.3, 7.6, 4.2, -1.1]}