{"sharpe": 0.8182639259018931, "sortino": 1.2795211287813386, "profit_factor": 1.1494455918387414, "max_drawdown": -0.2858054420321787, "risk_return_ratio": 0.051545782255995064, "win_loss_ratio": 1.1494455918387414, "win_rate": 0.5, "daily_return": [-0.5, -0.7, 2.3, 0.8, -1.3, 0.1, -5.8, -1.3, -0.7, -3.2, -1.7, 1.4, -1.4, -0.9, 0.5, 0.9, 4.4, 4.5, 4.8, -2.0, 1.1, 2.7, 2.4, -1.8, 0.2, -0.5, 0.8, -0.4, 1.0, 5.5, 4.0, 3.5, -5.7, 3.0, 4.5, -0.7, 6.9, -1.1, 1.3, -4.0, 0.1, -2.2, -7.1, 7.8, -5.3, 11.5, -1.4, 1.0, -10.5, 3.9, -1.3, -4.4, 5.2, -0.6, 5.2, 3.2, 1.7, 0.4, -1.1, 2.2, -0.5, 2.2, 0.1, 0.8, 1.5, -2.5, 5.5, 5.3, -0.1, -4.1, 2.5, 1.3, 0.1, -3.3, -3.5, -2.4, 1.9, -0.1, 3.1, 6.0, -3.6, 1.1, 0.6, 1.9, -2.9, 3.5, -1.1, 1.0, -2.9, -0.5, 3.5, -2.8, 1.6, -4.3, -0.2, 6.3, 6.0, -2.2, 3.0, -2.2, -0.9, -0.3, 1.2, 0.8, -0.3, -1.7, -1.3, 0.4, 0.4, 1.7, -1.0, 7.8, -2.4, 0.0, -3.8, 2.5, -1.4, -0.1, 2.1, -2.3, 2.2, 0.8, 2.2, -0.1, 0.0, -3.1, -0.8, 4.1, -1.3, -0.1, 1.9, 2.2, -2.9, -0.2, -1.1, -3.4, 4.7, -1.0, 0.2, -0.1, 0.1, 2.1, 0.5, -3.7, -0.5, -0.2, -1.9, -1.5, 2.3, -0.2, 0.3, 1.3, -0.3, 1.8, -2.0, -1.8, -1.8, 2.6, 0.2, 0.5, -2.0, 2.9, -4.4, 2.9, -5.4, 0.5, -3.2, 1.6, -3.7, -1.0, 3.6, 2.8, -1.9, -0.7, -1.7, 0.1, 2.8, -1.1, -1.4, 3.0, -0.4, 0.3, -2.4, 1.5, -0.6, 7.1, -3.9, 1.7, 1.4, 0.4, -0.1, 1.1, -1.2, -2.6, 2.5, -2.8, -1.1, -0.7, 0.6, 0.7, 1.0, -0.5, -2.7, -2.0, -2.2, 0.9, 1.6, 5.4, 0.3, -1.8, -1.8, -1.5, 1.5, -1.9, 1.7, -1.3, -3.8, -3.6, -0.8, 0.8, 0.9, -3.3, 0.4, 1.1, 0.4, -0.4, -1.7, -1.2, -1.3, 0.6, 0.3, -1.7, -2.0, 0.2, 4.3, -1.7, -1.1, 2.0, 0.5, -0.4, -1.3, 0.4, -0.7, -1.2, 0.3, -1.2, 1.0, -0.1, 0.1, -2.8, 2.4, 3.6]}