{"sharpe": 1.1620926697910914, "sortino": 2.0225651708583054, "profit_factor": 1.2281106516778628, "max_drawdown": -0.34677174901485286, "risk_return_ratio": 0.07320495725424596, "win_loss_ratio": 1.4170507519359954, "win_rate": 0.4642857142857143, "daily_return": [7.1, -0.1, -0.2, -0.9, -0.9, -3.3, -0.7, -4.3, -1.9, 2.1, -7.5, 2.1, -6.5, -4.2, -4.5, -3.3, -3.0, 1.2, 0.5, 0.8, -0.3, -2.2, -0.6, -3.6, 0.9, 4.6, 8.0, -2.8, -0.1, 0.5, 0.4, 1.0, -1.2, 2.8, 2.3, -5.3, -2.8, 3.4, -0.7, 7.4, -3.3, 0.4, 2.7, -2.7, -3.7, -1.1, 2.6, -3.2, 1.9, 3.0, 1.7, 15.5, -1.3, -5.5, 1.8, 5.6, -2.4, 5.6, 9.5, -0.7, 2.0, 1.9, -2.7, -7.3, 7.9, -1.0, -7.7, 3.0, 2.5, -0.5, -2.9, -3.6, 1.2, -9.0, -6.5, -2.4, 1.3, -2.8, -3.1, -1.6, 8.2, -3.7, 3.6, -1.1, -3.0, -0.2, 11.6, 1.7, -3.1, -1.2, -3.8, 2.8, 4.0, -2.7, 4.0, 1.5, 3.2, -2.8, 3.1, -1.8, -1.5, -0.9, 2.1, -1.0, 0.2, -0.2, 0.1, 9.6, 7.8, -8.6, 1.2, -1.3, -0.4, 6.4, 9.3, 1.2, 2.4, 1.6, 2.8, -1.3, -0.2, -1.8, 8.6, -5.7, -9.0, -0.6, -1.1, -0.5, 2.4, -2.4, 0.2, 3.6, -0.7, 0.3, 0.2, 5.7, -0.6, 2.6, 20.2, -4.2]}