{"sharpe": 0.4242524365373677, "sortino": 0.56684017274919, "profit_factor": 1.0859033737136303, "max_drawdown": -0.4504794166618822, "risk_return_ratio": 0.026725391433121134, "win_loss_ratio": 0.8277165575859141, "win_rate": 0.5674603174603174, "daily_return": [0.8, 0.4, 0.4, -0.6, 2.8, -1.5, -0.5, -0.4, 0.9, -0.5, -2.2, 1.3, 0.0, 2.0, -2.2, 3.0, 5.0, -2.3, -0.7, -0.1, 2.8, 0.6, 1.0, 0.6, 0.9, 0.2, 0.7, -0.4, -3.7, -4.2, -2.8, 0.6, -6.2, 0.3, 3.2, -2.3, 4.6, -9.1, -1.6, -7.7, 3.2, -8.7, -13.0, 9.7, -16.9, 14.3, -3.7, 2.0, 2.6, 2.8, 6.8, 0.8, 5.8, -3.4, 2.0, -0.8, -13.1, -4.0, -3.0, 15.9, 1.5, 4.0, -1.5, 2.2, 5.6, -1.8, 0.8, 2.7, -1.3, -4.6, 3.2, 0.3, -2.3, 3.1, -1.9, 8.3, -0.3, -4.5, 0.6, 6.4, 1.1, 3.8, 1.7, 3.6, -1.5, -4.6, 1.6, 3.1, -0.8, 2.6, 2.7, 0.1, 12.7, -1.7, 0.3, -0.9, 3.2, 0.4, 1.1, 0.2, -3.9, 0.8, 1.7, -1.3, 1.8, -7.2, 3.0, 1.5, 1.5, -0.2, 1.3, 0.5, 3.2, -0.0, -1.3, 1.3, 1.9, -1.2, 2.2, 2.5, -1.8, -0.6, -1.0, 4.3, -0.2, 3.2, -6.3, 0.9, 0.4, -0.8, 0.5, 3.9, -1.8, 0.3, -1.3, -1.2, 1.8, 1.1, 1.5, 0.5, 0.2, 2.2, -1.6, 3.0, -1.7, -6.2, -1.2, -1.1, -2.7, 1.6, -0.5, 1.4, 1.4, -1.1, 2.4, 1.1, -0.1, 0.7, 6.4, -0.6, 2.3, -0.5, 1.9, -0.8, -6.8, -3.2, -4.1, 2.4, -1.9, -3.1, -1.7, 0.9, -1.5, -2.7, -1.6, 1.6, 4.1, -4.0, -0.9, 5.1, 1.6, -0.4, 0.5, 2.4, 1.2, -0.4, 2.1, 4.0, 1.4, 1.6, 1.4, 0.2, -3.1, -1.9, 0.9, 0.0, 2.1, 0.1, 3.7, -1.3, -3.1, -0.5, -1.5, 0.1, -3.8, -3.4, 1.8, 6.3, 1.0, -3.8, -2.3, -4.3, 3.3, -1.2, 0.8, 0.1, 2.4, -2.5, 3.2, -0.2, -0.4, 0.2, 0.2, 2.6, 0.1, 1.1, -0.3, -23.3, 1.9, -3.4, 3.4, -3.3, -1.3, 1.1, 2.7, 1.5, 0.3, 2.4, -0.2, 5.1, 1.5, 3.1, -1.3, -2.6, -1.9, 0.1, -1.4, -2.1, 0.2, -3.1, 0.9, 1.4]}