{"sharpe": 1.6620693553983596, "sortino": 2.5155065446090825, "profit_factor": 1.3391830435887095, "max_drawdown": -0.26695762865975636, "risk_return_ratio": 0.10470052800298783, "win_loss_ratio": 1.0713464348709676, "win_rate": 0.5555555555555556, "daily_return": [-0.1, 2.2, -0.6, -2.3, 2.0, 0.5, -1.3, -0.3, -0.1, -0.3, -2.3, 2.6, -0.0, 3.3, -2.4, 1.4, 3.8, -1.8, -0.3, 0.3, 1.2, 0.4, 0.3, -0.3, 3.2, 2.0, 1.2, 0.7, -3.1, -3.6, -2.6, -1.6, -2.1, -1.7, 1.5, -1.8, 1.9, 1.7, -0.2, -5.0, 5.3, -1.3, -7.7, 3.9, -12.6, 9.9, 5.7, 5.1, -9.6, -1.1, 9.8, -7.3, 9.5, -1.0, 8.5, -1.0, -1.8, 1.7, -3.9, 4.5, -1.6, 4.0, 1.0, 0.5, 6.6, 0.6, -0.3, 4.0, 1.8, -4.4, 4.4, 0.4, 1.6, -1.1, -1.5, 3.2, 1.2, -1.6, 0.7, 2.0, 0.1, -0.9, 0.6, 2.8, -0.1, -1.1, 0.5, 2.2, -1.6, -0.6, 3.1, -2.3, 2.8, -3.9, -1.6, 6.4, 7.2, 0.0, 0.3, -2.0, -4.2, -1.6, 7.7, -2.2, 6.1, -5.7, 1.4, 2.6, 0.7, 2.3, -0.4, -0.6, 5.4, 0.1, -2.0, 1.1, -0.8, -2.0, 1.8, 3.3, -0.1, 1.5, -0.2, 3.0, 1.7, -1.0, -5.3, 1.5, 1.3, -0.6, 1.6, 4.5, -1.7, 0.6, -1.8, -0.8, 0.6, -1.0, 3.4, 0.9, 1.0, 1.3, 0.1, 1.5, -0.3, -3.7, -1.5, -1.7, 1.7, 2.0, -1.5, 1.1, 2.1, 0.1, 1.2, -1.2, -2.7, 0.2, 3.3, 0.6, 1.4, 3.0, 4.2, 1.0, -5.4, -4.1, -2.3, 2.8, -1.2, -1.1, 1.2, 2.2, -2.0, -1.8, 1.0, 2.1, 0.7, -1.0, -0.5, 1.7, 2.9, -0.3, 0.1, -1.5, -0.5, 1.0, 2.7, 0.5, 1.2, 1.2, 4.4, 0.5, -2.6, 2.5, -0.6, -1.3, 0.5, -2.9, -1.4, 2.1, 0.0, 1.8, -5.0, -0.9, -5.1, -0.7, 1.1, 5.0, 4.5, 0.8, -10.2, -1.8, 3.2, 0.6, -3.3, -0.1, 0.3, -0.1, 2.8, 0.6, -0.7, -2.4, 1.0, 3.0, 0.2, 2.6, -4.2, 0.6, -0.8, -1.5, 0.7, -4.0, 2.4, -0.4, 0.3, 1.6, -0.5, 4.5, -1.5, -1.8, 5.8, -0.4, 0.8, -4.3, 0.1, 0.2, -1.4, 0.7, 0.9, -3.0, 3.2, 4.1]}