{"sharpe": 2.2063413171085036, "sortino": 4.028358236727475, "profit_factor": 1.4828088407819617, "max_drawdown": -0.606951871657754, "risk_return_ratio": 0.13898643886656664, "win_loss_ratio": 1.5693060231609095, "win_rate": 0.48582995951417, "daily_return": [-0.9, 4.1, 2.5, -1.4, -2.2, -6.8, 1.5, -6.9, 1.3, -1.9, -0.3, -2.6, -2.0, -6.1, 16.3, -2.5, -1.9, 0.7, -1.3, -0.3, 5.3, 4.7, 1.2, 5.0, -6.7, 1.2, 3.9, 7.2, -1.9, -4.6, 1.4, 0.6, -12.6, -3.5, -5.3, 1.4, 6.9, -5.5, -4.1, -10.7, 5.6, -16.3, -11.8, -14.4, -12.0, 8.2, -1.3, -1.9, 3.2, -1.3, 11.5, 17.1, -5.4, 3.1, -13.0, 4.0, -5.5, -2.9, 0.0, -1.8, 2.5, 5.4, 9.1, 7.8, 2.4, -3.3, -1.5, 11.9, 0.0, 8.4, -0.4, -2.9, 3.0, 0.0, 18.0, 3.5, -1.7, 7.5, 1.9, -0.6, -7.5, -1.4, 2.7, -2.3, -4.1, -9.3, -1.2, 0.0, 3.2, 0.0, 2.3, 0.4, -0.4, 1.1, -0.4, -4.1, -3.1, 6.0, 3.8, 8.1, 9.8, -1.5, -1.3, 18.7, 8.3, -15.6, 10.5, 12.2, 3.8, -5.9, 9.7, 7.5, 21.3, 17.4, 22.4, 0.6, 15.7, 46.6, 19.8, 10.3, 9.0, -15.8, -4.3, -1.1, -3.6, -5.5, 1.7, 6.9, -1.0, -3.1, -5.7, 9.3, -1.4, 2.0, -4.9, -2.9, 3.8, 2.4, 0.3, 1.7, -5.5, 23.6, -10.5, -1.5, -1.7, -0.7, -7.6, 0.3, 0.7, -1.3, 0.4, 2.2, 7.4, -2.0, -1.7, -0.9, 2.7, 10.8, -4.2, -3.9, -2.1, 10.5, 11.3, -6.0, -6.7, 11.5, 8.5, 10.5, -5.2, 5.8, 10.0, -2.7, 5.8, 4.5, 9.2, -1.1, -11.1, -16.5, -1.5, 12.1, 13.4, -3.7, -6.7, -0.8, -5.8, 3.4, -2.0, 1.1, -1.8, 12.6, -0.7, -11.1, -3.0, -2.7, 2.3, -2.5, -7.8, -5.7, 4.3, 0.8, -8.9, -6.9, -2.9, 3.1, -10.9, 4.1, 11.5, -8.2, 8.1, -2.4, 9.7, 0.2, 1.1, 6.9, -6.3, 3.6, 7.8, 6.3, -0.2, 13.2, 12.0, -0.3, -3.2, -2.4, -6.7, -0.6, -19.0, 11.0, -2.6, -3.8, 0.6, -1.5, 0.5, 3.0, -1.8, 2.2, -2.7, -0.5, -0.1, -2.3, 12.8, -2.4, 1.1, -7.2, -1.9, 1.7, -7.0, 8.3, 4.7, 5.4, 16.7, -7.4]}